"Data Source","Indicadores del desarrollo mundial",

"Last Updated Date","2022-09-15",

"Country Name","Country Code","Indicator Name","Indicator Code","1960","1961","1962","1963","1964","1965","1966","1967","1968","1969","1970","1971","1972","1973","1974","1975","1976","1977","1978","1979","1980","1981","1982","1983","1984","1985","1986","1987","1988","1989","1990","1991","1992","1993","1994","1995","1996","1997","1998","1999","2000","2001","2002","2003","2004","2005","2006","2007","2008","2009","2010","2011","2012","2013","2014","2015","2016","2017","2018","2019","2020","2021",
"Aruba","ABW","Tasa de incidencia de la pobreza, sobre la base de $1,90 por día (2011 PPA) (% de la población)","SI.POV.DDAY","","","","","","","","","","","","","","","","","","","","","","","","","","","","","","","","","","","","","","","","","","","","","","","","","","","","","","","","","","","","","","",
"","AFE","Tasa de incidencia de la pobreza, sobre la base de $1,90 por día (2011 PPA) (% de la población)","SI.POV.DDAY","","","","","","","","","","","","","","","","","","","","","","","","","","","","","","","","","","","","","","","","","","","","","","","","","","","","","","","","","","","","","","",
"Afganistán","AFG","Tasa de incidencia de la pobreza, sobre la base de $1,90 por día (2011 PPA) (% de la población)","SI.POV.DDAY","","","","","","","","","","","","","","","","","","","","","","","","","","","","","","","","","","","","","","","","","","","","","","","","","","","","","","","","","","","","","","",
"","AFW","Tasa de incidencia de la pobreza, sobre la base de $1,90 por día (2011 PPA) (% de la población)","SI.POV.DDAY","","","","","","","","","","","","","","","","","","","","","","","","","","","","","","","","","","","","","","","","","","","","","","","","","","","","","","","","","","","","","","",
"Angola","AGO","Tasa de incidencia de la pobreza, sobre la base de $1,90 por día (2011 PPA) (% de la población)","SI.POV.DDAY","","","","","","","","","","","","","","","","","","","","","","","","","","","","","","","","","","","","","","","","","21.4","","","","","","","","14.6","","","","","","","","","","31.1","","","",
"Albania","ALB","Tasa de incidencia de la pobreza, sobre la base de $1,90 por día (2011 PPA) (% de la población)","SI.POV.DDAY","","","","","","","","","","","","","","","","","","","","","","","","","","","","","","","","","","","","","0.5","","","","","","1.1","","","0.6","","","0.2","","","","0.6","","1","0.1","0.1","0.4","0","0","","",
"Andorra","AND","Tasa de incidencia de la pobreza, sobre la base de $1,90 por día (2011 PPA) (% de la población)","SI.POV.DDAY","","","","","","","","","","","","","","","","","","","","","","","","","","","","","","","","","","","","","","","","","","","","","","","","","","","","","","","","","","","","","","",
"El mundo árabe","ARB","Tasa de incidencia de la pobreza, sobre la base de $1,90 por día (2011 PPA) (% de la población)","SI.POV.DDAY","","","","","","","","","","","","","","","","","","","","","","","","","","","","","","","","","","","","","","","","","","","","","","","","","","","","","","","","","","","","","","",
"Emiratos Árabes Unidos","ARE","Tasa de incidencia de la pobreza, sobre la base de $1,90 por día (2011 PPA) (% de la población)","SI.POV.DDAY","","","","","","","","","","","","","","","","","","","","","","","","","","","","","","","","","","","","","","","","","","","","","","","","","","","","","","0","","","","","0","","","",
"Argentina","ARG","Tasa de incidencia de la pobreza, sobre la base de $1,90 por día (2011 PPA) (% de la población)","SI.POV.DDAY","","","","","","","","","","","","","","","","","","","","","0.3","","","","","","1.1","1.2","","","","1","1.7","2","1.9","3.9","4.2","3.8","4","4.2","5","8.2","12.4","5.3","3.8","2.6","2.1","1.7","1.6","1.5","0.7","0.7","0.6","0.6","0.6","","0.7","0.4","0.8","0.8","1.1","",
"Armenia","ARM","Tasa de incidencia de la pobreza, sobre la base de $1,90 por día (2011 PPA) (% de la población)","SI.POV.DDAY","","","","","","","","","","","","","","","","","","","","","","","","","","","","","","","","","","","","","","","","11.9","","14","10","7.5","5.3","2.6","2","1.5","0.9","1.2","1","1.2","0.8","1.7","1.4","1.1","1.1","0.8","1.3","1","0.4","",
"Samoa Americana","ASM","Tasa de incidencia de la pobreza, sobre la base de $1,90 por día (2011 PPA) (% de la población)","SI.POV.DDAY","","","","","","","","","","","","","","","","","","","","","","","","","","","","","","","","","","","","","","","","","","","","","","","","","","","","","","","","","","","","","","",
"Antigua y Barbuda","ATG","Tasa de incidencia de la pobreza, sobre la base de $1,90 por día (2011 PPA) (% de la población)","SI.POV.DDAY","","","","","","","","","","","","","","","","","","","","","","","","","","","","","","","","","","","","","","","","","","","","","","","","","","","","","","","","","","","","","","",
"Australia","AUS","Tasa de incidencia de la pobreza, sobre la base de $1,90 por día (2011 PPA) (% de la población)","SI.POV.DDAY","","","","","","","","","","","","","","","","","","","","","","1","","","","1","","","","0.7","","","","","","0.7","","","","","","0.7","","1","0.7","","","","0.4","","0.3","","","","0.5","","0.5","","0.5","","","",
"Austria","AUT","Tasa de incidencia de la pobreza, sobre la base de $1,90 por día (2011 PPA) (% de la población)","SI.POV.DDAY","","","","","","","","","","","","","","","","","","","","","","","","","","","","0","","","","","","","0.2","1","","0.2","","","0.2","","","0.3","0.1","0.2","0.1","0.4","0.5","0.7","0.5","0.4","0.6","0.3","0.2","0.7","0.7","0.3","0.6","0.6","","",
"Azerbaiyán","AZE","Tasa de incidencia de la pobreza, sobre la base de $1,90 por día (2011 PPA) (% de la población)","SI.POV.DDAY","","","","","","","","","","","","","","","","","","","","","","","","","","","","","","","","","","","","12.4","","","","","","6.2","0.1","0.1","0","0","","","","","","","","","","","","","","","","",
"Burundi","BDI","Tasa de incidencia de la pobreza, sobre la base de $1,90 por día (2011 PPA) (% de la población)","SI.POV.DDAY","","","","","","","","","","","","","","","","","","","","","","","","","","","","","","","","","75.1","","","","","","79.4","","","","","","","","71.8","","","","","","","65.1","","","","","","","","",
"Bélgica","BEL","Tasa de incidencia de la pobreza, sobre la base de $1,90 por día (2011 PPA) (% de la población)","SI.POV.DDAY","","","","","","","","","","","","","","","","","","","","","","","","","","0.2","","","0.5","","","","1","","","0.4","","0.5","","","0.3","","","0.3","0.1","0.2","0.2","0.2","0.1","0.1","0.1","0.2","0.2","0.1","0.1","0.1","0.1","0.1","0.1","0.1","","",
"Benin","BEN","Tasa de incidencia de la pobreza, sobre la base de $1,90 por día (2011 PPA) (% de la población)","SI.POV.DDAY","","","","","","","","","","","","","","","","","","","","","","","","","","","","","","","","","","","","","","","","","","","","53.1","","","","","","","","54.3","","","","50.7","","","19.9","","","",
"Burkina Faso","BFA","Tasa de incidencia de la pobreza, sobre la base de $1,90 por día (2011 PPA) (% de la población)","SI.POV.DDAY","","","","","","","","","","","","","","","","","","","","","","","","","","","","","","","","","","","82.1","","","","79.9","","","","","54.7","","","","","","52.6","","","","","39.6","","","","30.5","","","",
"Bangladesh","BGD","Tasa de incidencia de la pobreza, sobre la base de $1,90 por día (2011 PPA) (% de la población)","SI.POV.DDAY","","","","","","","","","","","","","","","","","","","","","","","","37.3","","32.7","","","41.7","","","41.9","","","","33.7","","","","","33.3","","","","","24","","","","","18.2","","","","","","13.5","","","","","",
"Bulgaria","BGR","Tasa de incidencia de la pobreza, sobre la base de $1,90 por día (2011 PPA) (% de la población)","SI.POV.DDAY","","","","","","","","","","","","","","","","","","","","","","","","","","","","","","","","","","","","","","","","","","","","","","","5.8","1.8","1.3","1.3","2","2.5","2.3","1.8","1.7","3.4","2","1.4","0.9","0.9","","",
"Bahrein","BHR","Tasa de incidencia de la pobreza, sobre la base de $1,90 por día (2011 PPA) (% de la población)","SI.POV.DDAY","","","","","","","","","","","","","","","","","","","","","","","","","","","","","","","","","","","","","","","","","","","","","","","","","","","","","","","","","","","","","","",
"Bahamas","BHS","Tasa de incidencia de la pobreza, sobre la base de $1,90 por día (2011 PPA) (% de la población)","SI.POV.DDAY","","","","","","","","","","","","","","","","","","","","","","","","","","","","","","","","","","","","","","","","","","","","","","","","","","","","","","","","","","","","","","",
"Bosnia y Herzegovina","BIH","Tasa de incidencia de la pobreza, sobre la base de $1,90 por día (2011 PPA) (% de la población)","SI.POV.DDAY","","","","","","","","","","","","","","","","","","","","","","","","","","","","","","","","","","","","","","","","","","0.3","","","0.2","","","0.1","","","","0.1","","","","","","","","","","",
"Belarús","BLR","Tasa de incidencia de la pobreza, sobre la base de $1,90 por día (2011 PPA) (% de la población)","SI.POV.DDAY","","","","","","","","","","","","","","","","","","","","","","","","","","","","","","","","","","","","","","","21.8","19.2","13.6","6.6","4.4","3.5","1.3","0.9","0.4","0.2","0.2","0.1","0","0","0","0","0","0","0","0","0","0","0","",
"Belice","BLZ","Tasa de incidencia de la pobreza, sobre la base de $1,90 por día (2011 PPA) (% de la población)","SI.POV.DDAY","","","","","","","","","","","","","","","","","","","","","","","","","","","","","","","","","","13.5","14.8","","18.3","21.5","19.8","18","","","","","","","","","","","","","","","","","","","","","","",
"Bermudas","BMU","Tasa de incidencia de la pobreza, sobre la base de $1,90 por día (2011 PPA) (% de la población)","SI.POV.DDAY","","","","","","","","","","","","","","","","","","","","","","","","","","","","","","","","","","","","","","","","","","","","","","","","","","","","","","","","","","","","","","",
"Bolivia","BOL","Tasa de incidencia de la pobreza, sobre la base de $1,90 por día (2011 PPA) (% de la población)","SI.POV.DDAY","","","","","","","","","","","","","","","","","","","","","","","","","","","","","","","","","","","","","","15.5","","21.9","24.2","19","19.7","","10.2","15.6","12.5","9.5","8.3","8.8","","5.3","6.5","5.2","4.3","4.6","5.6","4.9","3.3","1.9","3.1","",
"Brasil","BRA","Tasa de incidencia de la pobreza, sobre la base de $1,90 por día (2011 PPA) (% de la población)","SI.POV.DDAY","","","","","","","","","","","","","","","","","","","","","","23.9","24.4","30.6","29.9","25.8","12.3","19.9","22.4","20.4","24","","23.3","22.1","","14.7","16","16","14.3","15","","13","11.7","12.6","11.1","10","8.3","7.9","6.5","6.1","","5.3","4.5","3.7","3.3","3.9","4.7","5.3","5.3","5.4","1.9","",
"Barbados","BRB","Tasa de incidencia de la pobreza, sobre la base de $1,90 por día (2011 PPA) (% de la población)","SI.POV.DDAY","","","","","","","","","","","","","","","","","","","","","","","","","","","","","","","","","","","","","","","","","","","","","","","","","","","","","","","","","","","","","","",
"Brunei Darussalam","BRN","Tasa de incidencia de la pobreza, sobre la base de $1,90 por día (2011 PPA) (% de la población)","SI.POV.DDAY","","","","","","","","","","","","","","","","","","","","","","","","","","","","","","","","","","","","","","","","","","","","","","","","","","","","","","","","","","","","","","",
"Bhután","BTN","Tasa de incidencia de la pobreza, sobre la base de $1,90 por día (2011 PPA) (% de la población)","SI.POV.DDAY","","","","","","","","","","","","","","","","","","","","","","","","","","","","","","","","","","","","","","","","","","","","13.4","","","","5.9","","","","","1.7","","","","","0.9","","","","",
"Botswana","BWA","Tasa de incidencia de la pobreza, sobre la base de $1,90 por día (2011 PPA) (% de la población)","SI.POV.DDAY","","","","","","","","","","","","","","","","","","","","","","","","","","41.8","","","","","","","","34.1","","","","","","","","","29.1","","","","","","","17.7","","","","","","15.4","","","","","","",
"República Centroafricana","CAF","Tasa de incidencia de la pobreza, sobre la base de $1,90 por día (2011 PPA) (% de la población)","SI.POV.DDAY","","","","","","","","","","","","","","","","","","","","","","","","","","","","","","","","","82.2","","","","","","","","","","","","","","","","61.9","","","","","","","","","","","","","",
"Canadá","CAN","Tasa de incidencia de la pobreza, sobre la base de $1,90 por día (2011 PPA) (% de la población)","SI.POV.DDAY","","","","","","","","","","","","2.2","","","","1","","","","","","0.5","","","","","","0.2","","","","0.2","","","0.2","","","0.5","0.5","","0.2","","","","0.2","","","0.2","","","0.2","","0.2","0.5","0.2","0.2","0.2","0.2","","","","",
"Europa Central y del Báltico","CEB","Tasa de incidencia de la pobreza, sobre la base de $1,90 por día (2011 PPA) (% de la población)","SI.POV.DDAY","","","","","","","","","","","","","","","","","","","","","","","","","","","","","","","","","","","","","","","","","","","","","","","","","","","","","","","","","","","","","","",
"Suiza","CHE","Tasa de incidencia de la pobreza, sobre la base de $1,90 por día (2011 PPA) (% de la población)","SI.POV.DDAY","","","","","","","","","","","","","","","","","","","","","","","0.7","","","","","","","","","","0.5","","","","","","","","0","","0","","","","0","0","0.1","0","0","0","0","0","0","0","0","0","0","","","",
"Islas del Canal","CHI","Tasa de incidencia de la pobreza, sobre la base de $1,90 por día (2011 PPA) (% de la población)","SI.POV.DDAY","","","","","","","","","","","","","","","","","","","","","","","","","","","","","","","","","","","","","","","","","","","","","","","","","","","","","","","","","","","","","","",
"Chile","CHL","Tasa de incidencia de la pobreza, sobre la base de $1,90 por día (2011 PPA) (% de la población)","SI.POV.DDAY","","","","","","","","","","","","","","","","","","","","","","","","","","","","15.4","","","10.7","","6.7","","6.8","","4.7","","4.6","","5.8","","","5.3","","","2.1","","","1.7","","0.9","","0.5","","0.4","","0.3","","","0.7","",
"China","CHN","Tasa de incidencia de la pobreza, sobre la base de $1,90 por día (2011 PPA) (% de la población)","SI.POV.DDAY","","","","","","","","","","","","","","","","","","","","","","","","","","","","","","","72","","","62.7","","","48.1","","","46","","","36.5","","","22.1","","","18","","13.9","10.2","8.5","2.9","2.1","1.2","0.8","0.7","0.4","0.1","","",
"Côte d'Ivoire","CIV","Tasa de incidencia de la pobreza, sobre la base de $1,90 por día (2011 PPA) (% de la población)","SI.POV.DDAY","","","","","","","","","","","","","","","","","","","","","","","","","","8.2","4.4","9.4","13.4","","","","27.1","","","25.9","","","30.4","","","","29.1","","","","","","34.4","","","","","","","33.4","","","11.4","","","",
"Camerún","CMR","Tasa de incidencia de la pobreza, sobre la base de $1,90 por día (2011 PPA) (% de la población)","SI.POV.DDAY","","","","","","","","","","","","","","","","","","","","","","","","","","","","","","","","","","","","","50.4","","","","","25.7","","","","","","31.4","","","","","","","25.7","","","","","","","",
"Congo, República Democrática del","COD","Tasa de incidencia de la pobreza, sobre la base de $1,90 por día (2011 PPA) (% de la población)","SI.POV.DDAY","","","","","","","","","","","","","","","","","","","","","","","","","","","","","","","","","","","","","","","","","","","","","91.5","","","","","","","","69.7","","","","","","","","","",
"Congo, República del","COG","Tasa de incidencia de la pobreza, sobre la base de $1,90 por día (2011 PPA) (% de la población)","SI.POV.DDAY","","","","","","","","","","","","","","","","","","","","","","","","","","","","","","","","","","","","","","","","","","","","","","49.6","","","","","","35.4","","","","","","","","","","",
"Colombia","COL","Tasa de incidencia de la pobreza, sobre la base de $1,90 por día (2011 PPA) (% de la población)","SI.POV.DDAY","","","","","","","","","","","","","","","","","","","","","","","","","","","","","","","","","9.6","","","","17.6","","","21.4","17.5","21","14.2","13","12","10.7","","","11","9.6","8.3","6.8","6.7","6.1","5.4","4.9","4.9","4.3","4.5","5.3","10.8","",
"Comoras","COM","Tasa de incidencia de la pobreza, sobre la base de $1,90 por día (2011 PPA) (% de la población)","SI.POV.DDAY","","","","","","","","","","","","","","","","","","","","","","","","","","","","","","","","","","","","","","","","","","","","","14.6","","","","","","","","","","18.6","","","","","","","",
"Cabo Verde","CPV","Tasa de incidencia de la pobreza, sobre la base de $1,90 por día (2011 PPA) (% de la población)","SI.POV.DDAY","","","","","","","","","","","","","","","","","","","","","","","","","","","","","","","","","","","","","","","","","","19.6","","","","","","10.6","","","","","","","","4.6","","","","","","",
"Costa Rica","CRI","Tasa de incidencia de la pobreza, sobre la base de $1,90 por día (2011 PPA) (% de la población)","SI.POV.DDAY","","","","","","","","","","","","","","","","","","","","","","25.9","","","","","13.9","","","10.6","10.4","12.4","9.9","8.5","7","7.1","8.2","6.7","5.2","6.8","6.9","5.1","4.7","4.7","4.7","3.3","3.3","1.8","2.4","2.5","1.5","1.8","1.7","1.6","1.5","1.6","1.3","1.2","1.5","1.1","2.2","",
"Estados pequeos del Caribe","CSS","Tasa de incidencia de la pobreza, sobre la base de $1,90 por día (2011 PPA) (% de la población)","SI.POV.DDAY","","","","","","","","","","","","","","","","","","","","","","","","","","","","","","","","","","","","","","","","","","","","","","","","","","","","","","","","","","","","","","",
"Cuba","CUB","Tasa de incidencia de la pobreza, sobre la base de $1,90 por día (2011 PPA) (% de la población)","SI.POV.DDAY","","","","","","","","","","","","","","","","","","","","","","","","","","","","","","","","","","","","","","","","","","","","","","","","","","","","","","","","","","","","","","",
"Curacao","CUW","Tasa de incidencia de la pobreza, sobre la base de $1,90 por día (2011 PPA) (% de la población)","SI.POV.DDAY","","","","","","","","","","","","","","","","","","","","","","","","","","","","","","","","","","","","","","","","","","","","","","","","","","","","","","","","","","","","","","",
"Islas Caimán","CYM","Tasa de incidencia de la pobreza, sobre la base de $1,90 por día (2011 PPA) (% de la población)","SI.POV.DDAY","","","","","","","","","","","","","","","","","","","","","","","","","","","","","","","","","","","","","","","","","","","","","","","","","","","","","","","","","","","","","","",
"Chipre","CYP","Tasa de incidencia de la pobreza, sobre la base de $1,90 por día (2011 PPA) (% de la población)","SI.POV.DDAY","","","","","","","","","","","","","","","","","","","","","","","","","","","","","","","","","","","","","","","","","","","","","0.1","0","0","0","0","0.1","0","0","0","0.1","0.1","0","0","0","0","0.2","","",
"República Checa","CZE","Tasa de incidencia de la pobreza, sobre la base de $1,90 por día (2011 PPA) (% de la población)","SI.POV.DDAY","","","","","","","","","","","","","","","","","","","","","","","","","","","","","","","","","0","0","","","0","","","","","","0","","0","0","0.1","0.1","0","0","0","0","0","0","0","0","0","0","0","0","","",
"Alemania","DEU","Tasa de incidencia de la pobreza, sobre la base de $1,90 por día (2011 PPA) (% de la población)","SI.POV.DDAY","","","","","","","","","","","","","","","","","","","","","","","","","","","","","","","","0","0","0","0.2","0.2","0","0","0","0","0","0","0","0","0","0","0","0","0","0","0","0","0","0","0","0","0","0.2","0","","","",
"Djibouti","DJI","Tasa de incidencia de la pobreza, sobre la base de $1,90 por día (2011 PPA) (% de la población)","SI.POV.DDAY","","","","","","","","","","","","","","","","","","","","","","","","","","","","","","","","","","","","","","","","","","","22.5","","","","","","","","","","19.7","24.9","","","","19.1","","","","",
"Dominica","DMA","Tasa de incidencia de la pobreza, sobre la base de $1,90 por día (2011 PPA) (% de la población)","SI.POV.DDAY","","","","","","","","","","","","","","","","","","","","","","","","","","","","","","","","","","","","","","","","","","","","","","","","","","","","","","","","","","","","","","",
"Dinamarca","DNK","Tasa de incidencia de la pobreza, sobre la base de $1,90 por día (2011 PPA) (% de la población)","SI.POV.DDAY","","","","","","","","","","","","","","","","","","","","","","","","","","","","0.5","","","","","0.5","","","0","","","","","0","","","0.3","0.3","0.3","0.1","0","0.1","0.5","0.1","0","0","0.3","0.2","0.2","0.3","0.1","0.2","0.3","","",
"República Dominicana","DOM","Tasa de incidencia de la pobreza, sobre la base de $1,90 por día (2011 PPA) (% de la población)","SI.POV.DDAY","","","","","","","","","","","","","","","","","","","","","","","","","","","6.9","","","17.5","","","7.6","","","","6.5","6.9","","","6.7","5.1","7.6","8.7","11.6","7.4","6.3","6.1","5.4","4.7","3.9","4.1","3.8","3","3.4","2.5","2","1","0.8","0.8","1.1","",
"Argelia","DZA","Tasa de incidencia de la pobreza, sobre la base de $1,90 por día (2011 PPA) (% de la población)","SI.POV.DDAY","","","","","","","","","","","","","","","","","","","","","","","","","","","","","6.4","","","","","","","5.8","","","","","","","","","","","","","","","","0.5","","","","","","","","","","",
"Asia oriental y el Pacífico (excluido altos ingresos)","EAP","Tasa de incidencia de la pobreza, sobre la base de $1,90 por día (2011 PPA) (% de la población)","SI.POV.DDAY","","","","","","","","","","","","","","","","","","","","","","","","","","","","","","","","","","","","","","","","","","","","","","","","","","","","","","","","","","","","","","",
"inicial del dividendo demográfico","EAR","Tasa de incidencia de la pobreza, sobre la base de $1,90 por día (2011 PPA) (% de la población)","SI.POV.DDAY","","","","","","","","","","","","","","","","","","","","","","","","","","","","","","","","","","","","","","","","","","","","","","","","","","","","","","","","","","","","","","",
"Asia oriental y el Pacífico","EAS","Tasa de incidencia de la pobreza, sobre la base de $1,90 por día (2011 PPA) (% de la población)","SI.POV.DDAY","","","","","","","","","","","","","","","","","","","","","","83.4","81.5","78.9","74.6","71","68.3","64.5","59.3","68.1","65.8","63.9","61.2","58.2","53.7","50","45.5","45.2","46.2","42.8","39.5","37.2","33.2","29.9","26.2","21.6","21","18.8","17.6","15.5","13.3","10.4","8.8","4.5","3.6","2.7","2.2","1.9","1.5","1.1","","",
"Europa y Asia central (excluido altos ingresos)","ECA","Tasa de incidencia de la pobreza, sobre la base de $1,90 por día (2011 PPA) (% de la población)","SI.POV.DDAY","","","","","","","","","","","","","","","","","","","","","","","","","","","","","","","","","","","","","","","","","","","","","","","","","","","","","","","","","","","","","","",
"Europa y Asia central","ECS","Tasa de incidencia de la pobreza, sobre la base de $1,90 por día (2011 PPA) (% de la población)","SI.POV.DDAY","","","","","","","","","","","","","","","","","","","","","","","","","","","","","","","3.2","3.8","5.3","6.4","8.2","8.3","8.3","7.8","7.7","9.8","9.2","8.4","7.4","7.2","6.3","6.3","5.6","5","4.4","4.3","4.2","3.9","3.7","3.4","3.5","3.2","2.9","2.8","2.4","2.4","","",
"Ecuador","ECU","Tasa de incidencia de la pobreza, sobre la base de $1,90 por día (2011 PPA) (% de la población)","SI.POV.DDAY","","","","","","","","","","","","","","","","","","","","","","","","","","","","","","","","","","","17.3","","","","","21.8","28.4","","","14.9","15","11.8","8.2","8.5","7.5","7.3","5.7","4.7","4.5","3.2","2.6","3.4","3.6","3.2","3.3","3.6","6.5","",
"Egipto, República Árabe de","EGY","Tasa de incidencia de la pobreza, sobre la base de $1,90 por día (2011 PPA) (% de la población)","SI.POV.DDAY","","","","","","","","","","","","","","","","","","","","","","","","","","","","","","","5.3","","","","","3","","","","1.4","","","","","3.1","","","","2.9","","1","","0.9","","","0.9","","2.5","","","","",
"Zona del Euro","EMU","Tasa de incidencia de la pobreza, sobre la base de $1,90 por día (2011 PPA) (% de la población)","SI.POV.DDAY","","","","","","","","","","","","","","","","","","","","","","","","","","","","","","","","","","","","","","","","","","","","","","","","","","","","","","","","","","","","","","",
"Eritrea","ERI","Tasa de incidencia de la pobreza, sobre la base de $1,90 por día (2011 PPA) (% de la población)","SI.POV.DDAY","","","","","","","","","","","","","","","","","","","","","","","","","","","","","","","","","","","","","","","","","","","","","","","","","","","","","","","","","","","","","","",
"España","ESP","Tasa de incidencia de la pobreza, sobre la base de $1,90 por día (2011 PPA) (% de la población)","SI.POV.DDAY","","","","","","","","","","","","","","","","","","","","","0.5","","","","","0.2","","","","","0.5","","","","","1.2","","","","","0.5","","","0.8","0.8","0.7","0.8","0.4","0.5","0.8","0.7","1.1","0.9","1.1","0.8","0.9","1.1","0.7","0.8","0.8","","",
"Estonia","EST","Tasa de incidencia de la pobreza, sobre la base de $1,90 por día (2011 PPA) (% de la población)","SI.POV.DDAY","","","","","","","","","","","","","","","","","","","","","","","","","","","","","","","","","","","","","","","","","","","","2.5","1.1","0.8","0.8","0.4","0.4","0.6","0.8","1","0.7","0.9","0.8","0.6","0.5","0.3","0.2","0.6","","",
"Etiopía","ETH","Tasa de incidencia de la pobreza, sobre la base de $1,90 por día (2011 PPA) (% de la población)","SI.POV.DDAY","","","","","","","","","","","","","","","","","","","","","","","","","","","","","","","","","","","","65.2","","","","52.7","","","","","34.3","","","","","","31.3","","","","","27","","","","","","",
"Unión Europea","EUU","Tasa de incidencia de la pobreza, sobre la base de $1,90 por día (2011 PPA) (% de la población)","SI.POV.DDAY","","","","","","","","","","","","","","","","","","","","","","","","","","","","","","","","","","","","","","","","","","","","","","","","","","","","","","","","","","","","","","",
"Frágiles y situaciones de conflicto afectados","FCS","Tasa de incidencia de la pobreza, sobre la base de $1,90 por día (2011 PPA) (% de la población)","SI.POV.DDAY","","","","","","","","","","","","","","","","","","","","","","","","","","","","","","","","","","50.5","51.6","51.7","50.9","50.6","50","50.1","","46.6","45.4","43.9","41.1","39.3","37.9","36.6","35.3","34.4","32.5","31.8","31.5","30.6","29.6","31.4","31.4","31","31","","","",
"Finlandia","FIN","Tasa de incidencia de la pobreza, sobre la base de $1,90 por día (2011 PPA) (% de la población)","SI.POV.DDAY","","","","","","","","","","","","","","","","","","","","","","","","","","","","0","","","","0","","","","0","","","","","0","","","0","0","0.1","0.1","0.1","0.1","0.1","0.1","0","0.1","0.1","0.1","0.1","0","0.1","0.1","0","","",
"Fiji","FJI","Tasa de incidencia de la pobreza, sobre la base de $1,90 por día (2011 PPA) (% de la población)","SI.POV.DDAY","","","","","","","","","","","","","","","","","","","","","","","","","","","","","","","","","","","","","","","","","","","1.7","","","","","","1","","","","","0.4","","","","","","1.3","","",
"Francia","FRA","Tasa de incidencia de la pobreza, sobre la base de $1,90 por día (2011 PPA) (% de la población)","SI.POV.DDAY","","","","","","","","","","","","","","","","","","","1","","","","","","1.5","","","","","1","","","","","0","","","","","","0","","","0.2","0","0","0","0","0","0","0.1","0","0.1","0.1","0","0.1","0.1","0","0","","","",
"Islas Feroe","FRO","Tasa de incidencia de la pobreza, sobre la base de $1,90 por día (2011 PPA) (% de la población)","SI.POV.DDAY","","","","","","","","","","","","","","","","","","","","","","","","","","","","","","","","","","","","","","","","","","","","","","","","","","","","","","","","","","","","","","",
"Micronesia (Estados Federados de)","FSM","Tasa de incidencia de la pobreza, sobre la base de $1,90 por día (2011 PPA) (% de la población)","SI.POV.DDAY","","","","","","","","","","","","","","","","","","","","","","","","","","","","","","","","","","","","","","","","","","","","","","8.6","","","","","","","","16","","","","","","","","",
"Gabón","GAB","Tasa de incidencia de la pobreza, sobre la base de $1,90 por día (2011 PPA) (% de la población)","SI.POV.DDAY","","","","","","","","","","","","","","","","","","","","","","","","","","","","","","","","","","","","","","","","","","","","","","5.5","","","","","","","","","","","","2.5","","","","",
"Reino Unido","GBR","Tasa de incidencia de la pobreza, sobre la base de $1,90 por día (2011 PPA) (% de la población)","SI.POV.DDAY","","","","","","","","","","0.2","","","","","0.2","","","","","0.2","","","","","","","1","","","","","0.2","","","0.2","0.2","0.2","0.2","0.2","0.2","0.2","0.2","0.2","0.2","0.4","0.5","0.2","0.3","0.3","0.2","0.2","0.4","0.2","0.2","0.2","0.1","0.2","0.3","","","","",
"Georgia","GEO","Tasa de incidencia de la pobreza, sobre la base de $1,90 por día (2011 PPA) (% de la población)","SI.POV.DDAY","","","","","","","","","","","","","","","","","","","","","","","","","","","","","","","","","","","","","6.8","18.8","17","21.8","22.9","23","12.7","12.9","12.4","12.9","12.6","14.2","12.4","12.1","14.4","13.4","10.7","8.1","6.1","4.9","4.9","6.2","5.6","4.8","5.8","",
"Ghana","GHA","Tasa de incidencia de la pobreza, sobre la base de $1,90 por día (2011 PPA) (% de la población)","SI.POV.DDAY","","","","","","","","","","","","","","","","","","","","","","","","","","","","67.5","66.4","","","71.8","","","","","","","56.7","","","","","","","42.5","","","","","","","25.7","","","","25.3","","","","","",
"Gibraltar","GIB","Tasa de incidencia de la pobreza, sobre la base de $1,90 por día (2011 PPA) (% de la población)","SI.POV.DDAY","","","","","","","","","","","","","","","","","","","","","","","","","","","","","","","","","","","","","","","","","","","","","","","","","","","","","","","","","","","","","","",
"Guinea","GIN","Tasa de incidencia de la pobreza, sobre la base de $1,90 por día (2011 PPA) (% de la población)","SI.POV.DDAY","","","","","","","","","","","","","","","","","","","","","","","","","","","","","","","","87.9","","","40.8","","","","","","","","53.2","","","","","47.9","","","","","24.5","","","","","","13.8","","","",
"Gambia","GMB","Tasa de incidencia de la pobreza, sobre la base de $1,90 por día (2011 PPA) (% de la población)","SI.POV.DDAY","","","","","","","","","","","","","","","","","","","","","","","","","","","","","","","","","","","","","","","74.1","","","","","50.7","","","","","","","29.8","","","","","13.4","","","","","","",
"Guinea-Bissau","GNB","Tasa de incidencia de la pobreza, sobre la base de $1,90 por día (2011 PPA) (% de la población)","SI.POV.DDAY","","","","","","","","","","","","","","","","","","","","","","","","","","","","","","","","42.7","","42.2","","","","","","","","","53.2","","","","","","","","66.7","","","","","","","","21.7","","","",
"Guinea Ecuatorial","GNQ","Tasa de incidencia de la pobreza, sobre la base de $1,90 por día (2011 PPA) (% de la población)","SI.POV.DDAY","","","","","","","","","","","","","","","","","","","","","","","","","","","","","","","","","","","","","","","","","","","","","","","","","","","","","","","","","","","","","","",
"Grecia","GRC","Tasa de incidencia de la pobreza, sobre la base de $1,90 por día (2011 PPA) (% de la población)","SI.POV.DDAY","","","","","","","","","","","","","","","","","","","","","","","","","","","","","","","","","","","","1.7","","","","","0.5","","","0.5","0.6","0.3","0.6","0.5","0.3","0.6","1","1.1","1.5","1","1.5","1.4","1","0.9","0.1","0.7","","",
"Granada","GRD","Tasa de incidencia de la pobreza, sobre la base de $1,90 por día (2011 PPA) (% de la población)","SI.POV.DDAY","","","","","","","","","","","","","","","","","","","","","","","","","","","","","","","","","","","","","","","","","","","","","","","","","","","","","","","","","","","","","","",
"Groenlandia","GRL","Tasa de incidencia de la pobreza, sobre la base de $1,90 por día (2011 PPA) (% de la población)","SI.POV.DDAY","","","","","","","","","","","","","","","","","","","","","","","","","","","","","","","","","","","","","","","","","","","","","","","","","","","","","","","","","","","","","","",
"Guatemala","GTM","Tasa de incidencia de la pobreza, sobre la base de $1,90 por día (2011 PPA) (% de la población)","SI.POV.DDAY","","","","","","","","","","","","","","","","","","","","","","","","","","","49.7","","","37","","","","","","","","","14","","9.6","","","","","","11.7","","","","","","","","9.5","","","","","","","",
"Guam","GUM","Tasa de incidencia de la pobreza, sobre la base de $1,90 por día (2011 PPA) (% de la población)","SI.POV.DDAY","","","","","","","","","","","","","","","","","","","","","","","","","","","","","","","","","","","","","","","","","","","","","","","","","","","","","","","","","","","","","","",
"Guyana","GUY","Tasa de incidencia de la pobreza, sobre la base de $1,90 por día (2011 PPA) (% de la población)","SI.POV.DDAY","","","","","","","","","","","","","","","","","","","","","","","","","","","","","","","","","29.4","","","","","","11.9","","","","","","","","","","","","","","","","","","","","","","","",
"Ingreso alto","HIC","Tasa de incidencia de la pobreza, sobre la base de $1,90 por día (2011 PPA) (% de la población)","SI.POV.DDAY","","","","","","","","","","","","","","","","","","","","","","","0.8","0.8","0.8","0.8","0.8","0.8","0.7","0.6","0.6","0.6","0.6","0.7","0.9","0.7","0.8","0.7","0.6","0.7","0.7","0.7","0.7","0.7","0.6","0.6","0.6","0.5","0.5","0.5","0.5","0.5","0.6","0.6","0.8","0.8","0.6","0.7","0.6","0.6","","",
"Hong Kong, Región Administrativa Especial","HKG","Tasa de incidencia de la pobreza, sobre la base de $1,90 por día (2011 PPA) (% de la población)","SI.POV.DDAY","","","","","","","","","","","","","","","","","","","","","","","","","","","","","","","","","","","","","","","","","","","","","","","","","","","","","","","","","","","","","","",
"Honduras","HND","Tasa de incidencia de la pobreza, sobre la base de $1,90 por día (2011 PPA) (% de la población)","SI.POV.DDAY","","","","","","","","","","","","","","","","","","","","","","","","","","","","","","40","42","30.8","27","21.4","24.3","26.2","28.6","19.6","24.5","24.9","","19.8","22","26.5","25.4","25.1","21.1","15.6","15.2","12.3","13.8","14.3","17","14.6","13.3","13","14.6","13.9","14.2","12.7","","",
"Países pobres muy endeudados (PPME)","HPC","Tasa de incidencia de la pobreza, sobre la base de $1,90 por día (2011 PPA) (% de la población)","SI.POV.DDAY","","","","","","","","","","","","","","","","","","","","","","","","","","","","","","","","","","","","","","","","","","","","","","","","","","","","","","","","","","","","","","",
"Croacia","HRV","Tasa de incidencia de la pobreza, sobre la base de $1,90 por día (2011 PPA) (% de la población)","SI.POV.DDAY","","","","","","","","","","","","","","","","","","","","","","","","","","","","","","","","","","","","","","","","","","","","","","","","","","0.9","1.2","0.6","0.8","0.7","1","0.6","0.6","0.5","0.4","0.3","","",
"Haití","HTI","Tasa de incidencia de la pobreza, sobre la base de $1,90 por día (2011 PPA) (% de la población)","SI.POV.DDAY","","","","","","","","","","","","","","","","","","","","","","","","","","","","","","","","","","","","","","","","","","","","","","","","","","","","","29.2","","","","","","","","","",
"Hungría","HUN","Tasa de incidencia de la pobreza, sobre la base de $1,90 por día (2011 PPA) (% de la población)","SI.POV.DDAY","","","","","","","","","","","","","","","","","","","","","","","","","","","","","","","","","","","","","","","","","","","","","0.1","0.7","0.1","0.1","0","0.1","0.1","0.1","0.3","0.2","0.7","0.6","1.3","0.6","0.2","0.3","","",
"Sólo BIRF","IBD","Tasa de incidencia de la pobreza, sobre la base de $1,90 por día (2011 PPA) (% de la población)","SI.POV.DDAY","","","","","","","","","","","","","","","","","","","","","","","","","","","","","","","","","","","","","","","","","","","","","","","","","","","","","","","","","","","","","","",
"BIRF y la AIF","IBT","Tasa de incidencia de la pobreza, sobre la base de $1,90 por día (2011 PPA) (% de la población)","SI.POV.DDAY","","","","","","","","","","","","","","","","","","","","","","","","","","","","","","","","","","","","","","","","","","","","","","","","","","","","","","","","","","","","","","",
"total de la AIF","IDA","Tasa de incidencia de la pobreza, sobre la base de $1,90 por día (2011 PPA) (% de la población)","SI.POV.DDAY","","","","","","","","","","","","","","","","","","","","","","","","","","","","","","54.8","55.4","55.7","54.5","54.2","54.3","52.2","50.9","50.6","50.7","50.6","50.3","49.6","48.7","46.9","43.4","41.3","39.6","37.8","36.2","35.1","33.2","32.1","31.3","30.3","29.2","29.4","28.8","27.8","27.1","26.9","","",
"mezcla de la AIF","IDB","Tasa de incidencia de la pobreza, sobre la base de $1,90 por día (2011 PPA) (% de la población)","SI.POV.DDAY","","","","","","","","","","","","","","","","","","","","","","","","","","","","","","","","","","","","","","","","","","","","","","","","","","","","","","","","","","","","","","",
"Indonesia","IDN","Tasa de incidencia de la pobreza, sobre la base de $1,90 por día (2011 PPA) (% de la población)","SI.POV.DDAY","","","","","","","","","","","","","","","","","","","","","","","","","74.2","","","74.3","","","62.8","","","62.1","","","51.3","","69.1","46","43.6","39.9","26.8","26.4","27","24.6","30.6","25.2","24.7","21","18.3","15.7","13.7","11.2","9.3","8.3","7.5","6.6","5.4","4.4","3.8","3.5",
"Sólo AIF","IDX","Tasa de incidencia de la pobreza, sobre la base de $1,90 por día (2011 PPA) (% de la población)","SI.POV.DDAY","","","","","","","","","","","","","","","","","","","","","","","","","","","","","","","","","","","","","","","","","","","","","","","","","","","","","","","","","","","","","","",
"Isla de Man","IMN","Tasa de incidencia de la pobreza, sobre la base de $1,90 por día (2011 PPA) (% de la población)","SI.POV.DDAY","","","","","","","","","","","","","","","","","","","","","","","","","","","","","","","","","","","","","","","","","","","","","","","","","","","","","","","","","","","","","","",
"India","IND","Tasa de incidencia de la pobreza, sobre la base de $1,90 por día (2011 PPA) (% de la población)","SI.POV.DDAY","","","","","","","","","","","","","","","","","","63.1","","","","","","56.3","","","","50.6","","","","","","47.6","","","","","","","","","","","39.9","","","","","32.9","","22.5","","","","18.7","18.1","13.4","11.1","10","","",
"No clasificado","INX","Tasa de incidencia de la pobreza, sobre la base de $1,90 por día (2011 PPA) (% de la población)","SI.POV.DDAY","","","","","","","","","","","","","","","","","","","","","","","","","","","","","","","","","","","","","","","","","","","","","","","","","","","","","","","","","","","","","","",
"Irlanda","IRL","Tasa de incidencia de la pobreza, sobre la base de $1,90 por día (2011 PPA) (% de la población)","SI.POV.DDAY","","","","","","","","","","","","","","","","","","","","","","","","","","","","0.7","","","","","","","0.2","0.2","0.2","","","","0.2","","0.2","0.1","0.1","0","0.4","0.1","0.2","0.5","0.5","0.5","0.3","0.7","0.4","0.4","0.1","0.2","0","","","",
"Irán, República Islámica del","IRN","Tasa de incidencia de la pobreza, sobre la base de $1,90 por día (2011 PPA) (% de la población)","SI.POV.DDAY","","","","","","","","","","","","","","","","","","","","","","","","","","","9.1","","","","8.4","","","","4.5","","","","4.5","","","","","","","1","0.8","","","1.5","","","","0.3","0.8","0.7","0.7","0.6","0.9","1.1","","",
"Iraq","IRQ","Tasa de incidencia de la pobreza, sobre la base de $1,90 por día (2011 PPA) (% de la población)","SI.POV.DDAY","","","","","","","","","","","","","","","","","","","","","","","","","","","","","","","","","","","","","","","","","","","","","","","0","","","","","","0.1","","","","","","","","","",
"Islandia","ISL","Tasa de incidencia de la pobreza, sobre la base de $1,90 por día (2011 PPA) (% de la población)","SI.POV.DDAY","","","","","","","","","","","","","","","","","","","","","","","","","","","","","","","","","","","","","","","","","","","","0","0.2","0","0.1","0.1","0.1","0.1","0.1","0.1","0","0","0","0","0","0","","","","",
"Israel","ISR","Tasa de incidencia de la pobreza, sobre la base de $1,90 por día (2011 PPA) (% de la población)","SI.POV.DDAY","","","","","","","","","","","","","","","","","","","","0","","","","","","","0.2","","","","","","0.2","","","","","0.2","","","","0.2","0.5","0.5","0.5","0.5","0.2","0.5","0.5","0.5","0.2","0.2","0.7","0.5","0.5","0.5","0.2","0.5","0.5","","","",
"Italia","ITA","Tasa de incidencia de la pobreza, sobre la base de $1,90 por día (2011 PPA) (% de la población)","SI.POV.DDAY","","","","","","","","","","","","","","","","","","","","","","","","","","","0.2","1.2","","0","","0.2","","1.2","","0.7","","","1.7","","1.2","","","0.8","0.6","0.6","0.7","0.7","0.7","0.9","1.3","1.2","1.2","1.4","1.2","1.9","1.6","1.4","1.5","","","",
"Jamaica","JAM","Tasa de incidencia de la pobreza, sobre la base de $1,90 por día (2011 PPA) (% de la población)","SI.POV.DDAY","","","","","","","","","","","","","","","","","","","","","","","","","","","","","4.6","","2.9","","","7.4","","","2.6","","","2.3","","","2.1","","1.2","","","","","","","","","","","","","","","","","",
"Jordania","JOR","Tasa de incidencia de la pobreza, sobre la base de $1,90 por día (2011 PPA) (% de la población)","SI.POV.DDAY","","","","","","","","","","","","","","","","","","","","","","","","","","","0","","","","","","0.6","","","","","0.4","","","","","0.2","","","","0.1","","0","","0","","","","","","","","","","","",
"Japón","JPN","Tasa de incidencia de la pobreza, sobre la base de $1,90 por día (2011 PPA) (% de la población)","SI.POV.DDAY","","","","","","","","","","","","","","","","","","","","","","","","","","","","","","","","","","","","","","","","","","","","","","","","","0.5","","0","","","0.7","","","","","","","","",
"Kazajstán","KAZ","Tasa de incidencia de la pobreza, sobre la base de $1,90 por día (2011 PPA) (% de la población)","SI.POV.DDAY","","","","","","","","","","","","","","","","","","","","","","","","","","","","","","","","","","","","","7.9","","","","","12.8","8.9","6.2","3.3","8.7","1","0.4","0.2","0.2","0.2","0.1","0","0","0","0","0.1","0","0","","","",
"Kenya","KEN","Tasa de incidencia de la pobreza, sobre la base de $1,90 por día (2011 PPA) (% de la población)","SI.POV.DDAY","","","","","","","","","","","","","","","","","","","","","","","","","","","","","","","","","26.4","","25.9","","","25.4","","","","","","","","36.7","","","","","","","","","","29.4","","","","","","",
"Kirguistán","KGZ","Tasa de incidencia de la pobreza, sobre la base de $1,90 por día (2011 PPA) (% de la población)","SI.POV.DDAY","","","","","","","","","","","","","","","","","","","","","","","","","","","","","","","","","","","","","","","","","38.2","33.4","31.1","25.7","11.6","13.6","8.4","8.8","3.3","1.5","3.5","1.3","2.6","2.6","1","2.2","1.1","1.3","0.7","0.7","1.3","",
"Camboya","KHM","Tasa de incidencia de la pobreza, sobre la base de $1,90 por día (2011 PPA) (% de la población)","SI.POV.DDAY","","","","","","","","","","","","","","","","","","","","","","","","","","","","","","","","","","","","","","","","","","","","","","","","","","","","","","","","","","","","","","",
"Kiribati","KIR","Tasa de incidencia de la pobreza, sobre la base de $1,90 por día (2011 PPA) (% de la población)","SI.POV.DDAY","","","","","","","","","","","","","","","","","","","","","","","","","","","","","","","","","","","","","","","","","","","","","","","14","","","","","","","","","","","","","1.7","","",
"Saint Kitts y Nevis","KNA","Tasa de incidencia de la pobreza, sobre la base de $1,90 por día (2011 PPA) (% de la población)","SI.POV.DDAY","","","","","","","","","","","","","","","","","","","","","","","","","","","","","","","","","","","","","","","","","","","","","","","","","","","","","","","","","","","","","","",
"Corea, República de","KOR","Tasa de incidencia de la pobreza, sobre la base de $1,90 por día (2011 PPA) (% de la población)","SI.POV.DDAY","","","","","","","","","","","","","","","","","","","","","","","","","","","","","","","","","","","","","","","","","","","","","","","0.2","","0.2","","0.5","","0.2","","0.2","","0.2","","","","","",
"Kuwait","KWT","Tasa de incidencia de la pobreza, sobre la base de $1,90 por día (2011 PPA) (% de la población)","SI.POV.DDAY","","","","","","","","","","","","","","","","","","","","","","","","","","","","","","","","","","","","","","","","","","","","","","","","","","","","","","","","","","","","","","",
"América Latina y el Caribe (excluido altos ingresos)","LAC","Tasa de incidencia de la pobreza, sobre la base de $1,90 por día (2011 PPA) (% de la población)","SI.POV.DDAY","","","","","","","","","","","","","","","","","","","","","","","","","","","","","","","","","","","","","","","","","","","","","","","","","","","","","","","","","","","","","","",
"República Democrática Popular Lao","LAO","Tasa de incidencia de la pobreza, sobre la base de $1,90 por día (2011 PPA) (% de la población)","SI.POV.DDAY","","","","","","","","","","","","","","","","","","","","","","","","","","","","","","","","","23.7","","","","","43.2","","","","","25.4","","","","","19.5","","","","","10.9","","","","","","7.1","","","",
"Líbano","LBN","Tasa de incidencia de la pobreza, sobre la base de $1,90 por día (2011 PPA) (% de la población)","SI.POV.DDAY","","","","","","","","","","","","","","","","","","","","","","","","","","","","","","","","","","","","","","","","","","","","","","","","","","","","0","","","","","","","","","","",
"Liberia","LBR","Tasa de incidencia de la pobreza, sobre la base de $1,90 por día (2011 PPA) (% de la población)","SI.POV.DDAY","","","","","","","","","","","","","","","","","","","","","","","","","","","","","","","","","","","","","","","","","","","","","","","","53.3","","","","","","","25.9","","27.6","","","","","",
"Libia","LBY","Tasa de incidencia de la pobreza, sobre la base de $1,90 por día (2011 PPA) (% de la población)","SI.POV.DDAY","","","","","","","","","","","","","","","","","","","","","","","","","","","","","","","","","","","","","","","","","","","","","","","","","","","","","","","","","","","","","","",
"Santa Lucía","LCA","Tasa de incidencia de la pobreza, sobre la base de $1,90 por día (2011 PPA) (% de la población)","SI.POV.DDAY","","","","","","","","","","","","","","","","","","","","","","","","","","","","","","","","","","","","38.1","","","","","","","","","","","","","","","","","","","","","5.1","","","","","",
"América Latina y el Caribe","LCN","Tasa de incidencia de la pobreza, sobre la base de $1,90 por día (2011 PPA) (% de la población)","SI.POV.DDAY","","","","","","","","","","","","","","","","","","","","","","15","15.8","18.7","18.4","17","12.4","15.1","16.1","15.5","16.7","15.8","15.8","15.6","14.4","14.4","16.2","15.3","14.5","14.7","13.5","13.2","12.4","12.1","11","10.5","8.5","8.1","7.6","7.1","6.4","6","5.1","4.5","4.3","4.2","4.4","4.4","4.3","4.3","","",
"Países menos desarrollados: clasificación de las Naciones Unidas","LDC","Tasa de incidencia de la pobreza, sobre la base de $1,90 por día (2011 PPA) (% de la población)","SI.POV.DDAY","","","","","","","","","","","","","","","","","","","","","","","","","","","","","","","","","","","","","","","","","","","","","","","","","","","","","","","","","","","","","","",
"Países de ingreso bajo","LIC","Tasa de incidencia de la pobreza, sobre la base de $1,90 por día (2011 PPA) (% de la población)","SI.POV.DDAY","","","","","","","","","","","","","","","","","","","","","","","","","","","","","","","","","","","64.3","62.7","61.3","60.6","60","59.4","58.5","57.8","58.2","56.9","54.1","52.5","51.8","50.5","48.7","49","47.2","46","45.6","44.6","43.7","45.1","44.6","44.1","43.9","","","",
"Liechtenstein","LIE","Tasa de incidencia de la pobreza, sobre la base de $1,90 por día (2011 PPA) (% de la población)","SI.POV.DDAY","","","","","","","","","","","","","","","","","","","","","","","","","","","","","","","","","","","","","","","","","","","","","","","","","","","","","","","","","","","","","","",
"Sri Lanka","LKA","Tasa de incidencia de la pobreza, sobre la base de $1,90 por día (2011 PPA) (% de la población)","SI.POV.DDAY","","","","","","","","","","","","","","","","","","","","","","","","","","16.9","","","","","11.6","","","","","11.8","","","","","","","11","","","","5.6","","","3.5","","","2.6","","","","1.3","","","","","",
"Países de ingreso mediano bajo","LMC","Tasa de incidencia de la pobreza, sobre la base de $1,90 por día (2011 PPA) (% de la población)","SI.POV.DDAY","","","","","","","","","","","","","","","","","","","","","","51.7","51.5","50.4","49.4","48.6","48.2","47.9","46.9","46.4","45.3","44.8","44","43.4","42.8","41.3","39.9","39.9","40.7","38.6","","37.2","35.4","34.3","32.6","31","30.2","28.2","27","25.6","23","19.9","18.5","17.5","16.6","15.7","15","13","11.3","10.2","","",
"Ingreso mediano y bajo","LMY","Tasa de incidencia de la pobreza, sobre la base de $1,90 por día (2011 PPA) (% de la población)","SI.POV.DDAY","","","","","","","","","","","","","","","","","","","","","","55.5","54.8","53.7","51.7","49.8","48.1","46.8","44.5","47.7","47","46.3","45.2","44","42.2","40.3","38.3","38","38.2","37","35.5","34.4","32.6","30.9","28.6","26.2","25.2","23.7","22.7","21.6","19.6","17","15.9","14.1","13.3","12.9","12.5","11.4","10.5","10","","",
"Lesotho","LSO","Tasa de incidencia de la pobreza, sobre la base de $1,90 por día (2011 PPA) (% de la población)","SI.POV.DDAY","","","","","","","","","","","","","","","","","","","","","","","","","","","54.1","","","","","","","","53.7","","","","","","","","66.3","","","","","","","","","","","","","","","32.4","","","","",
"avanzada del dividendo demográfico","LTE","Tasa de incidencia de la pobreza, sobre la base de $1,90 por día (2011 PPA) (% de la población)","SI.POV.DDAY","","","","","","","","","","","","","","","","","","","","","","","","","","","","","","","","","","","","","","","","","","","","","","","","","","","","","","","","","","","","","","",
"Lituania","LTU","Tasa de incidencia de la pobreza, sobre la base de $1,90 por día (2011 PPA) (% de la población)","SI.POV.DDAY","","","","","","","","","","","","","","","","","","","","","","","","","","","","","","","","","","","","","","","","","","","","","2.7","1.8","1.5","1.3","1.4","2.2","1.5","0.7","0.9","0.7","1.3","0.7","1.3","1","0.9","0.5","","",
"Luxemburgo","LUX","Tasa de incidencia de la pobreza, sobre la base de $1,90 por día (2011 PPA) (% de la población)","SI.POV.DDAY","","","","","","","","","","","","","","","","","","","","","","","","","","0","","","","","","0","","","0","","","0","","","0","","","0.1","0","0","0","0","0","0","0","0.1","0","0.1","0.1","0.3","0.1","0.3","0.3","0.1","","",
"Letonia","LVA","Tasa de incidencia de la pobreza, sobre la base de $1,90 por día (2011 PPA) (% de la población)","SI.POV.DDAY","","","","","","","","","","","","","","","","","","","","","","","","","","","","","","","","","","","","","","","","","","","","","2.5","2.4","1.6","0.6","1.3","1.7","1.7","1","1.1","1.2","0.8","0.7","0.6","0.8","0.4","0.2","","",
"Región Administrativa Especial de Macao, China","MAC","Tasa de incidencia de la pobreza, sobre la base de $1,90 por día (2011 PPA) (% de la población)","SI.POV.DDAY","","","","","","","","","","","","","","","","","","","","","","","","","","","","","","","","","","","","","","","","","","","","","","","","","","","","","","","","","","","","","","",
"Isla de San Martín (parte francesa)","MAF","Tasa de incidencia de la pobreza, sobre la base de $1,90 por día (2011 PPA) (% de la población)","SI.POV.DDAY","","","","","","","","","","","","","","","","","","","","","","","","","","","","","","","","","","","","","","","","","","","","","","","","","","","","","","","","","","","","","","",
"Marruecos","MAR","Tasa de incidencia de la pobreza, sobre la base de $1,90 por día (2011 PPA) (% de la población)","SI.POV.DDAY","","","","","","","","","","","","","","","","","","","","","","","","","13.2","","","","","","4.7","","","","","","","","8.4","","7.9","","","","","","4.2","","","","","","","1.4","","","","","","","","",
"Mónaco","MCO","Tasa de incidencia de la pobreza, sobre la base de $1,90 por día (2011 PPA) (% de la población)","SI.POV.DDAY","","","","","","","","","","","","","","","","","","","","","","","","","","","","","","","","","","","","","","","","","","","","","","","","","","","","","","","","","","","","","","",
"República de Moldova","MDA","Tasa de incidencia de la pobreza, sobre la base de $1,90 por día (2011 PPA) (% de la población)","SI.POV.DDAY","","","","","","","","","","","","","","","","","","","","","","","","","","","","","","","","","","","","","","13","24","33.5","31.1","23.3","13.6","5.6","6.6","10.9","2","1","1","0.7","0.4","0.2","0.1","0","0","0","0.1","0","0","0","","",
"Madagascar","MDG","Tasa de incidencia de la pobreza, sobre la base de $1,90 por día (2011 PPA) (% de la población)","SI.POV.DDAY","","","","","","","","","","","","","","","","","","","","","48.7","","","","","","","","","","","","","73.3","","","","69.4","","66.9","","71","","","","74.2","","","","","80.2","","80.7","","","","","","","","","",
"Maldivas","MDV","Tasa de incidencia de la pobreza, sobre la base de $1,90 por día (2011 PPA) (% de la población)","SI.POV.DDAY","","","","","","","","","","","","","","","","","","","","","","","","","","","","","","","","","","","","","","","","","","","6.6","","","","","","","3.8","","","","","","","0","","","0","","",
"Oriente Medio y Norte de África","MEA","Tasa de incidencia de la pobreza, sobre la base de $1,90 por día (2011 PPA) (% de la población)","SI.POV.DDAY","","","","","","","","","","","","","","","","","","","","","","","","","","6.9","7.3","7.5","7.5","7.2","6.1","6.9","5.6","5.1","4.9","5.3","4.8","4.6","4.2","4","3.6","3.5","","3.2","2.9","2.7","2.6","2.5","2.4","2.2","1.8","2.1","2.1","2.2","2.6","4.8","5.4","6","7.5","","","",
"México","MEX","Tasa de incidencia de la pobreza, sobre la base de $1,90 por día (2011 PPA) (% de la población)","SI.POV.DDAY","","","","","","","","","","","","","","","","","","","","","","","","","","","","","","9.1","","","7.4","","7.3","","18.1","","12.9","","8.9","","6.6","","6","6.5","4.2","","5.4","","4.5","","3.8","","3.7","","3.2","","2.6","","3.1","",
"Islas Marshall","MHL","Tasa de incidencia de la pobreza, sobre la base de $1,90 por día (2011 PPA) (% de la población)","SI.POV.DDAY","","","","","","","","","","","","","","","","","","","","","","","","","","","","","","","","","","","","","","","","","","","","","","","","","","","","","","","","","","","","0.9","","",
" Ingreso mediano","MIC","Tasa de incidencia de la pobreza, sobre la base de $1,90 por día (2011 PPA) (% de la población)","SI.POV.DDAY","","","","","","","","","","","","","","","","","","","","","","","","","","","","","","","","","","","","","","","","","","","","","","","","","","","","","","","","","","","","","","",
"Macedonia del Norte","MKD","Tasa de incidencia de la pobreza, sobre la base de $1,90 por día (2011 PPA) (% de la población)","SI.POV.DDAY","","","","","","","","","","","","","","","","","","","","","","","","","","","","","","","","","","","","","","","","","","","","","","","","","","9.8","10.4","9.1","6.9","5.2","4.5","5.5","4.2","4.5","3.4","","","",
"Malí","MLI","Tasa de incidencia de la pobreza, sobre la base de $1,90 por día (2011 PPA) (% de la población)","SI.POV.DDAY","","","","","","","","","","","","","","","","","","","","","","","","","","","","","","","","","","","84.5","","","","","","","57.2","","","","","49.7","","","48.2","","","","","","","","","14.8","","","",
"Malta","MLT","Tasa de incidencia de la pobreza, sobre la base de $1,90 por día (2011 PPA) (% de la población)","SI.POV.DDAY","","","","","","","","","","","","","","","","","","","","","","","","","","","","","","","","","","","","","","","","","","","","","","","0.5","0.4","0.1","0.4","0.2","0.2","0.1","0","0","0.1","0.1","0.2","0.1","0.3","","",
"Myanmar","MMR","Tasa de incidencia de la pobreza, sobre la base de $1,90 por día (2011 PPA) (% de la población)","SI.POV.DDAY","","","","","","","","","","","","","","","","","","","","","","","","","","","","","","","","","","","","","","","","","","","","","","","","","","","","","","","","6.2","","2","","","","",
"Oriente Medio y Norte de África (excluido altos ingresos)","MNA","Tasa de incidencia de la pobreza, sobre la base de $1,90 por día (2011 PPA) (% de la población)","SI.POV.DDAY","","","","","","","","","","","","","","","","","","","","","","","","","","","","","","","","","","","","","","","","","","","","","","","","","","","","","","","","","","","","","","",
"Montenegro","MNE","Tasa de incidencia de la pobreza, sobre la base de $1,90 por día (2011 PPA) (% de la población)","SI.POV.DDAY","","","","","","","","","","","","","","","","","","","","","","","","","","","","","","","","","","","","","","","","","","","","","","","","","","","","","3","3","1.6","1.3","2.5","3.3","2.8","","","",
"Mongolia","MNG","Tasa de incidencia de la pobreza, sobre la base de $1,90 por día (2011 PPA) (% de la población)","SI.POV.DDAY","","","","","","","","","","","","","","","","","","","","","","","","","","","","","","","","","","","","14.9","","","28.4","","","","11.6","","","","","1.7","","","1.1","0.9","0.5","","0.3","","0.7","","0.7","","","",
"Mariana","MNP","Tasa de incidencia de la pobreza, sobre la base de $1,90 por día (2011 PPA) (% de la población)","SI.POV.DDAY","","","","","","","","","","","","","","","","","","","","","","","","","","","","","","","","","","","","","","","","","","","","","","","","","","","","","","","","","","","","","","",
"Mozambique","MOZ","Tasa de incidencia de la pobreza, sobre la base de $1,90 por día (2011 PPA) (% de la población)","SI.POV.DDAY","","","","","","","","","","","","","","","","","","","","","","","","","","","","","","","","","","","","","82.7","","","","","","80.6","","","","","","70.8","","","","","","64.6","","","","","","","",
"Mauritania","MRT","Tasa de incidencia de la pobreza, sobre la base de $1,90 por día (2011 PPA) (% de la población)","SI.POV.DDAY","","","","","","","","","","","","","","","","","","","","","","","","","","","","41.4","","","","","","42.8","","21.8","","","","","21.5","","","","18.1","","","","11.8","","","","","","6.5","","","","","","","",
"Mauricio","MUS","Tasa de incidencia de la pobreza, sobre la base de $1,90 por día (2011 PPA) (% de la población)","SI.POV.DDAY","","","","","","","","","","","","","","","","","","","","","","","","","","","","","","","","","","","","","","","","","","","","","","","0.3","","","","","","0.4","","","","","0.1","","","","",
"Malawi","MWI","Tasa de incidencia de la pobreza, sobre la base de $1,90 por día (2011 PPA) (% de la población)","SI.POV.DDAY","","","","","","","","","","","","","","","","","","","","","","","","","","","","","","","","","","","","","","58.5","","","","","","","68.9","","","","","","68.4","","","","","","65.7","","","70.1","","",
"Malasia","MYS","Tasa de incidencia de la pobreza, sobre la base de $1,90 por día (2011 PPA) (% de la población)","SI.POV.DDAY","","","","","","","","","","","","","","","","","","","","","","","","","3.6","","","2.9","","2.2","","","2","","","2.5","","0.7","","","","","","1.6","","","0.8","","0.7","","","0.1","","0","","0","","","","","","",
"América del Norte","NAC","Tasa de incidencia de la pobreza, sobre la base de $1,90 por día (2011 PPA) (% de la población)","SI.POV.DDAY","","","","","","","","","","","","","","","","","","","","","","","","","","","","","","","","","","","","","","","","","","","","","","","","","","","","","","","","","","","","","","",
"Namibia","NAM","Tasa de incidencia de la pobreza, sobre la base de $1,90 por día (2011 PPA) (% de la población)","SI.POV.DDAY","","","","","","","","","","","","","","","","","","","","","","","","","","","","","","","","","","","","","","","","","","","","35.9","","","","","","26.9","","","","","","15.6","","","","","","",
"Nueva Caledonia","NCL","Tasa de incidencia de la pobreza, sobre la base de $1,90 por día (2011 PPA) (% de la población)","SI.POV.DDAY","","","","","","","","","","","","","","","","","","","","","","","","","","","","","","","","","","","","","","","","","","","","","","","","","","","","","","","","","","","","","","",
"Níger","NER","Tasa de incidencia de la pobreza, sobre la base de $1,90 por día (2011 PPA) (% de la población)","SI.POV.DDAY","","","","","","","","","","","","","","","","","","","","","","","","","","","","","","","","","84.4","","85.5","","","","","","","","","","","80.5","","78.9","","","","60.6","","","53.6","","","","50.6","","","",
"Nigeria","NGA","Tasa de incidencia de la pobreza, sobre la base de $1,90 por día (2011 PPA) (% de la población)","SI.POV.DDAY","","","","","","","","","","","","","","","","","","","","","","","","","","47.8","","","","","","","52.4","","","","58.4","","","","","","","47.9","","","","","","","34.9","","33.8","","","32.3","","","30.9","","","",
"Nicaragua","NIC","Tasa de incidencia de la pobreza, sobre la base de $1,90 por día (2011 PPA) (% de la población)","SI.POV.DDAY","","","","","","","","","","","","","","","","","","","","","","","","","","","","","","","","","","38.3","","","","","25.8","","","17.8","","","","9.1","","","","8.3","","","","","3.9","","","","","","","",
"Países Bajos","NLD","Tasa de incidencia de la pobreza, sobre la base de $1,90 por día (2011 PPA) (% de la población)","SI.POV.DDAY","","","","","","","","","","","","","","","","","","","","","","","","0.5","","","","0.2","","","1","","","1","","","","","","0.2","","","","","0.2","0.1","0","0","0.1","0.1","0","0.1","0.1","0.1","0.1","0.1","0","0.2","0.1","0.1","","",
"Noruega","NOR","Tasa de incidencia de la pobreza, sobre la base de $1,90 por día (2011 PPA) (% de la población)","SI.POV.DDAY","","","","","","","","","","","","","","","","","","","","0.2","","","","","","","0.2","","","","","0.5","","","","0.5","","","","","0.2","","","0.2","0.3","0.2","0.1","0.1","0.2","0.1","0.2","0.1","0.1","0.1","0.1","0.2","0.3","0.3","0.3","0.2","","",
"Nepal","NPL","Tasa de incidencia de la pobreza, sobre la base de $1,90 por día (2011 PPA) (% de la población)","SI.POV.DDAY","","","","","","","","","","","","","","","","","","","","","","","","","","","","","","","","","","","","55.2","","","","","","","","40.3","","","","","","","8.2","","","","","","","","","","","",
"Nauru","NRU","Tasa de incidencia de la pobreza, sobre la base de $1,90 por día (2011 PPA) (% de la población)","SI.POV.DDAY","","","","","","","","","","","","","","","","","","","","","","","","","","","","","","","","","","","","","","","","","","","","","","","","","","","","","1.4","","","","","","","","","",
"Nueva Zelandia","NZL","Tasa de incidencia de la pobreza, sobre la base de $1,90 por día (2011 PPA) (% de la población)","SI.POV.DDAY","","","","","","","","","","","","","","","","","","","","","","","","","","","","","","","","","","","","","","","","","","","","","","","","","","","","","","","","","","","","","","",
"Miembros OCDE","OED","Tasa de incidencia de la pobreza, sobre la base de $1,90 por día (2011 PPA) (% de la población)","SI.POV.DDAY","","","","","","","","","","","","","","","","","","","","","","","","","","","","","","","","","","","","","","","","","","","","","","","","","","","","","","","","","","","","","","",
"Omán","OMN","Tasa de incidencia de la pobreza, sobre la base de $1,90 por día (2011 PPA) (% de la población)","SI.POV.DDAY","","","","","","","","","","","","","","","","","","","","","","","","","","","","","","","","","","","","","","","","","","","","","","","","","","","","","","","","","","","","","","",
"Otros Estados pequeos","OSS","Tasa de incidencia de la pobreza, sobre la base de $1,90 por día (2011 PPA) (% de la población)","SI.POV.DDAY","","","","","","","","","","","","","","","","","","","","","","","","","","","","","","","","","","","","","","","","","","","","","","","","","","","","","","","","","","","","","","",
"Pakistán","PAK","Tasa de incidencia de la pobreza, sobre la base de $1,90 por día (2011 PPA) (% de la población)","SI.POV.DDAY","","","","","","","","","","","","","","","","","","","","","","","","","","","","67.3","","","65.1","","","","","","22.3","","29.8","","","33.3","","","20.2","20.3","","14.9","","","9.4","9.6","","7.4","","5.1","","","4.9","","","",
"Panamá","PAN","Tasa de incidencia de la pobreza, sobre la base de $1,90 por día (2011 PPA) (% de la población)","SI.POV.DDAY","","","","","","","","","","","","","","","","","","","","6.2","","","","","","","","","","22.5","","20.1","","","","15.5","","14.2","14.5","12.3","11.1","14.1","9.6","9.9","8.8","8.6","9.4","6.7","4.1","2.5","3.4","2.5","3.5","2.2","2.9","1.5","1.5","2.1","1.4","1","","",
"Perú","PER","Tasa de incidencia de la pobreza, sobre la base de $1,90 por día (2011 PPA) (% de la población)","SI.POV.DDAY","","","","","","","","","","","","","","","","","","","","","","","","","","","","","","","","","","","","","","19.9","19.5","19.3","19.3","20.3","17.6","14.7","16.3","17.8","15.6","13.2","11","8.8","6.8","6.5","6.1","5.4","4.8","4.7","4.6","4.5","3.6","3","5.8","",
"Filipinas","PHL","Tasa de incidencia de la pobreza, sobre la base de $1,90 por día (2011 PPA) (% de la población)","SI.POV.DDAY","","","","","","","","","","","","","","","","","","","","","","","","","","","","","","","","","","","","","","","","","14.5","","","13.6","","","14.9","","","11.3","","","10.9","","","6.5","","","3","","","",
"Palau","PLW","Tasa de incidencia de la pobreza, sobre la base de $1,90 por día (2011 PPA) (% de la población)","SI.POV.DDAY","","","","","","","","","","","","","","","","","","","","","","","","","","","","","","","","","","","","","","","","","","","","","","","","","","","","","","","","","","","","","","",
"Papua Nueva Guinea","PNG","Tasa de incidencia de la pobreza, sobre la base de $1,90 por día (2011 PPA) (% de la población)","SI.POV.DDAY","","","","","","","","","","","","","","","","","","","","","","","","","","","","","","","","","","","","","52.6","","","","","","","","","","","","","39.7","","","","","","","","","","","","",
"Polonia","POL","Tasa de incidencia de la pobreza, sobre la base de $1,90 por día (2011 PPA) (% de la población)","SI.POV.DDAY","","","","","","","","","","","","","","","","","","","","","","","","","","","","","","","","","","","","","","","","","","","","","2.2","0.9","0.7","0.5","0.2","0.4","0.3","0.3","0.2","0.4","0.4","0.4","0.2","0.3","0.2","","","",
"previa al dividendo demográfico","PRE","Tasa de incidencia de la pobreza, sobre la base de $1,90 por día (2011 PPA) (% de la población)","SI.POV.DDAY","","","","","","","","","","","","","","","","","","","","","","","","","","","","","","","","","","","","","","","","","","","","","","","","","","","","","","","","","","","","","","",
"Puerto Rico","PRI","Tasa de incidencia de la pobreza, sobre la base de $1,90 por día (2011 PPA) (% de la población)","SI.POV.DDAY","","","","","","","","","","","","","","","","","","","","","","","","","","","","","","","","","","","","","","","","","","","","","","","","","","","","","","","","","","","","","","",
"Corea, República Popular Democrática de","PRK","Tasa de incidencia de la pobreza, sobre la base de $1,90 por día (2011 PPA) (% de la población)","SI.POV.DDAY","","","","","","","","","","","","","","","","","","","","","","","","","","","","","","","","","","","","","","","","","","","","","","","","","","","","","","","","","","","","","","",
"Portugal","PRT","Tasa de incidencia de la pobreza, sobre la base de $1,90 por día (2011 PPA) (% de la población)","SI.POV.DDAY","","","","","","","","","","","","","","","","","","","","","","","","","","","","","","","","","","","","","","","","","","","","0.9","0.5","0.5","0.1","0.3","0.1","0.2","0.1","0.5","0.7","0.9","0.5","0.5","0.4","0.4","0.3","0.1","","",
"Paraguay","PRY","Tasa de incidencia de la pobreza, sobre la base de $1,90 por día (2011 PPA) (% de la población)","SI.POV.DDAY","","","","","","","","","","","","","","","","","","","","","","","","","","","","","","","1.2","","","","","12.4","","10.6","","10.2","","8.9","13.2","8.3","5.7","6.1","7.9","7.8","4.3","5.8","5.5","5","3.3","1.8","2.4","1.9","1.7","1","1.4","1","0.8","",
"Ribera Occidental y Gaza","PSE","Tasa de incidencia de la pobreza, sobre la base de $1,90 por día (2011 PPA) (% de la población)","SI.POV.DDAY","","","","","","","","","","","","","","","","","","","","","","","","","","","","","","","","","","","","","","","","","","","","","0.6","0.2","0.3","1.4","","0.3","0","0.2","","","","","0.5","","","","","",
"Estados pequeos de las Islas del Pacfico","PSS","Tasa de incidencia de la pobreza, sobre la base de $1,90 por día (2011 PPA) (% de la población)","SI.POV.DDAY","","","","","","","","","","","","","","","","","","","","","","","","","","","","","","","","","","","","","","","","","","","","","","","","","","","","","","","","","","","","","","",
"posterior al dividendo demográfico","PST","Tasa de incidencia de la pobreza, sobre la base de $1,90 por día (2011 PPA) (% de la población)","SI.POV.DDAY","","","","","","","","","","","","","","","","","","","","","","","","","","","","","","","","","","","","","","","","","","","","","","","","","","","","","","","","","","","","","","",
"Polinesia Francesa","PYF","Tasa de incidencia de la pobreza, sobre la base de $1,90 por día (2011 PPA) (% de la población)","SI.POV.DDAY","","","","","","","","","","","","","","","","","","","","","","","","","","","","","","","","","","","","","","","","","","","","","","","","","","","","","","","","","","","","","","",
"Qatar","QAT","Tasa de incidencia de la pobreza, sobre la base de $1,90 por día (2011 PPA) (% de la población)","SI.POV.DDAY","","","","","","","","","","","","","","","","","","","","","","","","","","","","","","","","","","","","","","","","","","","","","","","","","","","","","","","","","","","","","","",
"Rumania","ROU","Tasa de incidencia de la pobreza, sobre la base de $1,90 por día (2011 PPA) (% de la población)","SI.POV.DDAY","","","","","","","","","","","","","","","","","","","","","","","","","","","","","","","","","","","","","","","","","","","","","","","7.4","5.3","4.1","3.1","4.2","5.4","6.2","6.6","7","5.3","3.2","3.3","2.7","2.2","","",
"Federación de Rusia","RUS","Tasa de incidencia de la pobreza, sobre la base de $1,90 por día (2011 PPA) (% de la población)","SI.POV.DDAY","","","","","","","","","","","","","","","","","","","","","","","","","","","","","","","","","","","","","","1.5","2.3","4.4","3","1.8","1","1.1","1","0.8","0.4","0.2","0.1","0.1","0.1","0","0","0","0","0","0","0","0","0","0","",
"Rwanda","RWA","Tasa de incidencia de la pobreza, sobre la base de $1,90 por día (2011 PPA) (% de la población)","SI.POV.DDAY","","","","","","","","","","","","","","","","","","","","","","","","","","","","","","","","","","","","","","","","","75.2","","","","","66.1","","","","","59.2","","","53.7","","","52","","","","","",
"Asia meridional","SAS","Tasa de incidencia de la pobreza, sobre la base de $1,90 por día (2011 PPA) (% de la población)","SI.POV.DDAY","","","","","","","","","","","","","","","","","","","","","","58.1","57.8","56","54.4","53.1","52.4","51.8","50.5","50","49.7","49","47.2","46.1","45.3","43.5","42.1","","","","","","39.9","38.7","36.9","35.1","33.6","31.8","30.4","29.4","26.2","21.5","19.7","18.9","18","16.7","15.8","12.6","10","8.5","","",
"Arabia Saudita","SAU","Tasa de incidencia de la pobreza, sobre la base de $1,90 por día (2011 PPA) (% de la población)","SI.POV.DDAY","","","","","","","","","","","","","","","","","","","","","","","","","","","","","","","","","","","","","","","","","","","","","","","","","","","","","","","","","","","","","","",
"Sudán","SDN","Tasa de incidencia de la pobreza, sobre la base de $1,90 por día (2011 PPA) (% de la población)","SI.POV.DDAY","","","","","","","","","","","","","","","","","","","","","","","","","","","","","","","","","","","","","","","","","","","","","","","","","","18.6","","","","","15.3","","","","","","","",
"Senegal","SEN","Tasa de incidencia de la pobreza, sobre la base de $1,90 por día (2011 PPA) (% de la población)","SI.POV.DDAY","","","","","","","","","","","","","","","","","","","","","","","","","","","","","","","","70.1","","","60.3","","","","","","","52.4","","","","41.1","","","","","","41","","","","","","","9.3","","","",
"Singapur","SGP","Tasa de incidencia de la pobreza, sobre la base de $1,90 por día (2011 PPA) (% de la población)","SI.POV.DDAY","","","","","","","","","","","","","","","","","","","","","","","","","","","","","","","","","","","","","","","","","","","","","","","","","","","","","","","","","","","","","","",
"Islas Salomón","SLB","Tasa de incidencia de la pobreza, sobre la base de $1,90 por día (2011 PPA) (% de la población)","SI.POV.DDAY","","","","","","","","","","","","","","","","","","","","","","","","","","","","","","","","","","","","","","","","","","","","","","50.6","","","","","","","26.6","","","","","","","","","",
"Sierra Leona","SLE","Tasa de incidencia de la pobreza, sobre la base de $1,90 por día (2011 PPA) (% de la población)","SI.POV.DDAY","","","","","","","","","","","","","","","","","","","","","","","","","","","","","","67.1","","","","","","","","","","","","","","61.3","","","","","","","","38.7","","","","","","","26.1","","","",
"El Salvador","SLV","Tasa de incidencia de la pobreza, sobre la base de $1,90 por día (2011 PPA) (% de la población)","SI.POV.DDAY","","","","","","","","","","","","","","","","","","","","","","","","","","","","","","18.9","","22.1","","","","13.3","15.3","","21","17.3","12.9","14.1","14.7","15.8","11.5","11.3","7.7","5.1","7.7","7.4","6.3","5.3","4.6","3.6","3.4","2.3","2.6","2.2","1.8","1.4","","",
"San Marino","SMR","Tasa de incidencia de la pobreza, sobre la base de $1,90 por día (2011 PPA) (% de la población)","SI.POV.DDAY","","","","","","","","","","","","","","","","","","","","","","","","","","","","","","","","","","","","","","","","","","","","","","","","","","","","","","","","","","","","","","",
"Somalia","SOM","Tasa de incidencia de la pobreza, sobre la base de $1,90 por día (2011 PPA) (% de la población)","SI.POV.DDAY","","","","","","","","","","","","","","","","","","","","","","","","","","","","","","","","","","","","","","","","","","","","","","","","","","","","","","","","","","70.7","","","","",
"Serbia","SRB","Tasa de incidencia de la pobreza, sobre la base de $1,90 por día (2011 PPA) (% de la población)","SI.POV.DDAY","","","","","","","","","","","","","","","","","","","","","","","","","","","","","","","","","","","","","","","","","","","","","","","","","","","","","5.3","5.8","6.9","6.6","6.4","5.4","2.9","2.3","","",
"África al sur del Sahara (excluido altos ingresos)","SSA","Tasa de incidencia de la pobreza, sobre la base de $1,90 por día (2011 PPA) (% de la población)","SI.POV.DDAY","","","","","","","","","","","","","","","","","","","","","","","","","","","","","","","","","","","","","","","","","","","","","","","","","","","","","","","","","","","","","","",
"Sudán del Sur","SSD","Tasa de incidencia de la pobreza, sobre la base de $1,90 por día (2011 PPA) (% de la población)","SI.POV.DDAY","","","","","","","","","","","","","","","","","","","","","","","","","","","","","","","","","","","","","","","","","","","","","","","","","","34.5","","","","","","","67.3","","","","","",
"África al sur del Sahara","SSF","Tasa de incidencia de la pobreza, sobre la base de $1,90 por día (2011 PPA) (% de la población)","SI.POV.DDAY","","","","","","","","","","","","","","","","","","","","","","","","","","","","","","","53.3","55.2","56.7","58","58.7","58","57","56.7","56.5","56.3","55.8","55","54","52.9","50.4","48.7","47.3","46","44.5","44","42.1","40.9","40.3","39.2","38.1","38","37.5","36.7","35.7","35.1","","",
"Pequeños Estados","SST","Tasa de incidencia de la pobreza, sobre la base de $1,90 por día (2011 PPA) (% de la población)","SI.POV.DDAY","","","","","","","","","","","","","","","","","","","","","","","","","","","","","","","","","","","","","","","","","","","","","","","","","","","","","","","","","","","","","","",
"Santo Tomé y Príncipe","STP","Tasa de incidencia de la pobreza, sobre la base de $1,90 por día (2011 PPA) (% de la población)","SI.POV.DDAY","","","","","","","","","","","","","","","","","","","","","","","","","","","","","","","","","","","","","","","","","20.4","","","","","","","","","","22.6","","","","","","","15.6","","","","",
"Suriname","SUR","Tasa de incidencia de la pobreza, sobre la base de $1,90 por día (2011 PPA) (% de la población)","SI.POV.DDAY","","","","","","","","","","","","","","","","","","","","","","","","","","","","","","","","","","","","","","","","18.4","","","","","","","","","","","","","","","","","","","","","","",
"República Eslovaca","SVK","Tasa de incidencia de la pobreza, sobre la base de $1,90 por día (2011 PPA) (% de la población)","SI.POV.DDAY","","","","","","","","","","","","","","","","","","","","","","","","","","","","","","","","","","","","","","","","","","","","","0.1","0.2","0.2","0.4","0.4","0.4","0.5","0.4","0.4","0.3","0.7","0.7","1.4","0.2","0.2","0.1","","",
"Eslovenia","SVN","Tasa de incidencia de la pobreza, sobre la base de $1,90 por día (2011 PPA) (% de la población)","SI.POV.DDAY","","","","","","","","","","","","","","","","","","","","","","","","","","","","","","","","","","","","","","","","","","","","","0","0.1","0.1","0","0","0","0","0","0","0","0","0","0","0","0","0","","",
"Suecia","SWE","Tasa de incidencia de la pobreza, sobre la base de $1,90 por día (2011 PPA) (% de la población)","SI.POV.DDAY","","","","","","","","8","","","","","","","","0.5","","","","","","0.2","","","","","","0.2","","","","","0.2","","","0.2","","","","","0","","","0.3","0.4","1.1","0.4","0.4","0.6","0.5","0.5","0.6","0.5","0.7","0.5","0.6","0.3","0.2","0.7","0.3","","",
"Eswatini","SWZ","Tasa de incidencia de la pobreza, sobre la base de $1,90 por día (2011 PPA) (% de la población)","SI.POV.DDAY","","","","","","","","","","","","","","","","","","","","","","","","","","","","","","","","","","","85.4","","","","","","56.1","","","","","","","","","49.3","","","","","","","36.1","","","","","",
"Sint Maarten (Dutch part)","SXM","Tasa de incidencia de la pobreza, sobre la base de $1,90 por día (2011 PPA) (% de la población)","SI.POV.DDAY","","","","","","","","","","","","","","","","","","","","","","","","","","","","","","","","","","","","","","","","","","","","","","","","","","","","","","","","","","","","","","",
"Seychelles","SYC","Tasa de incidencia de la pobreza, sobre la base de $1,90 por día (2011 PPA) (% de la población)","SI.POV.DDAY","","","","","","","","","","","","","","","","","","","","","","","","","","","","","","","","","","","","","","","","","","","","","","","","","","","","","","1.2","","","","","0.5","","","",
"República Árabe Siria","SYR","Tasa de incidencia de la pobreza, sobre la base de $1,90 por día (2011 PPA) (% de la población)","SI.POV.DDAY","","","","","","","","","","","","","","","","","","","","","","","","","","","","","","","","","","","","","2.5","","","","","","","1.1","","","","","","","","","","","","","","","","","","",
"Islas Turcas y Caicos","TCA","Tasa de incidencia de la pobreza, sobre la base de $1,90 por día (2011 PPA) (% de la población)","SI.POV.DDAY","","","","","","","","","","","","","","","","","","","","","","","","","","","","","","","","","","","","","","","","","","","","","","","","","","","","","","","","","","","","","","",
"Chad","TCD","Tasa de incidencia de la pobreza, sobre la base de $1,90 por día (2011 PPA) (% de la población)","SI.POV.DDAY","","","","","","","","","","","","","","","","","","","","","","","","","","","","","","","","","","","","","","","","","","","","57.8","","","","","","","","36.6","","","","","","","30.9","","","",
"Asia oriental y el Pacífico (BIRF y la AIF)","TEA","Tasa de incidencia de la pobreza, sobre la base de $1,90 por día (2011 PPA) (% de la población)","SI.POV.DDAY","","","","","","","","","","","","","","","","","","","","","","","","","","","","","","","","","","","","","","","","","","","","","","","","","","","","","","","","","","","","","","",
"Europa y Asia central (BIRF y la AIF)","TEC","Tasa de incidencia de la pobreza, sobre la base de $1,90 por día (2011 PPA) (% de la población)","SI.POV.DDAY","","","","","","","","","","","","","","","","","","","","","","","","","","","","","","","","","","","","","","","","","","","","","","","","","","","","","","","","","","","","","","",
"Togo","TGO","Tasa de incidencia de la pobreza, sobre la base de $1,90 por día (2011 PPA) (% de la población)","SI.POV.DDAY","","","","","","","","","","","","","","","","","","","","","","","","","","","","","","","","","","","","","","","","","","","","","","","61","","","","","58.9","","","","54.7","","","28.1","","","",
"Tailandia","THA","Tasa de incidencia de la pobreza, sobre la base de $1,90 por día (2011 PPA) (% de la población)","SI.POV.DDAY","","","","","","","","","","","","","","","","","","","","","","22.7","","","","","","","18","","12.3","","9","","4.5","","3.1","","2.2","4","4","","1.8","","1.2","","0.9","0.5","0.3","0.2","0.3","0.1","0.1","0.1","0.1","0","0","0","0","0.1","0","",
"Tayikistán","TJK","Tasa de incidencia de la pobreza, sobre la base de $1,90 por día (2011 PPA) (% de la población)","SI.POV.DDAY","","","","","","","","","","","","","","","","","","","","","","","","","","","","","","","","","","","","","","","","62","","","","36.7","21.4","","","12.8","","6.8","","","","","","6.1","","","","","","",
"Turkmenistán","TKM","Tasa de incidencia de la pobreza, sobre la base de $1,90 por día (2011 PPA) (% de la población)","SI.POV.DDAY","","","","","","","","","","","","","","","","","","","","","","","","","","","","","","","","","","","","","","","43.1","","","","","","","","","","","","","","","","","","","","","","","",
"América Latina y el Caribe (BIRF y la AIF)","TLA","Tasa de incidencia de la pobreza, sobre la base de $1,90 por día (2011 PPA) (% de la población)","SI.POV.DDAY","","","","","","","","","","","","","","","","","","","","","","","","","","","","","","","","","","","","","","","","","","","","","","","","","","","","","","","","","","","","","","",
"Timor-Leste","TLS","Tasa de incidencia de la pobreza, sobre la base de $1,90 por día (2011 PPA) (% de la población)","SI.POV.DDAY","","","","","","","","","","","","","","","","","","","","","","","","","","","","","","","","","","","","","","","","","","21.8","","","","","","17.3","","","","","","","8","","","","","","","",
"Oriente Medio y Norte de África (BIRF y la AIF)","TMN","Tasa de incidencia de la pobreza, sobre la base de $1,90 por día (2011 PPA) (% de la población)","SI.POV.DDAY","","","","","","","","","","","","","","","","","","","","","","","","","","","","","","","","","","","","","","","","","","","","","","","","","","","","","","","","","","","","","","",
"Tonga","TON","Tasa de incidencia de la pobreza, sobre la base de $1,90 por día (2011 PPA) (% de la población)","SI.POV.DDAY","","","","","","","","","","","","","","","","","","","","","","","","","","","","","","","","","","","","","","","","","3.1","","","","","","","","","1.3","","","","","","1.1","","","","","","",
"Asia meridional (BIRF y la AIF)","TSA","Tasa de incidencia de la pobreza, sobre la base de $1,90 por día (2011 PPA) (% de la población)","SI.POV.DDAY","","","","","","","","","","","","","","","","","","","","","","","","","","","","","","","","","","","","","","","","","","","","","","","","","","","","","","","","","","","","","","",
"África al sur del Sahara (BIRF y la AIF)","TSS","Tasa de incidencia de la pobreza, sobre la base de $1,90 por día (2011 PPA) (% de la población)","SI.POV.DDAY","","","","","","","","","","","","","","","","","","","","","","","","","","","","","","","","","","","","","","","","","","","","","","","","","","","","","","","","","","","","","","",
"Trinidad y Tobago","TTO","Tasa de incidencia de la pobreza, sobre la base de $1,90 por día (2011 PPA) (% de la población)","SI.POV.DDAY","","","","","","","","","","","","","","","","","","","","","","","","","","","","","0","","","","2.1","","","","","","","","","","","","","","","","","","","","","","","","","","","","","",
"Túnez","TUN","Tasa de incidencia de la pobreza, sobre la base de $1,90 por día (2011 PPA) (% de la población)","SI.POV.DDAY","","","","","","","","","","","","","","","","","","","","","","","","","","12.3","","","","","8.6","","","","","9.5","","","","","4.4","","","","","2.6","","","","","1.5","","","","","0.1","","","","","","",
"Turquía","TUR","Tasa de incidencia de la pobreza, sobre la base de $1,90 por día (2011 PPA) (% de la población)","SI.POV.DDAY","","","","","","","","","","","","","","","","","","","","","","","","","","","","2.2","","","","","","","3","","","","","","","","2.1","3.9","2","2.3","1.8","1.3","0.6","0.7","0.8","0.1","0.1","0.3","0.2","0.2","0.2","0.1","0","0.4","","",
"Tuvalu","TUV","Tasa de incidencia de la pobreza, sobre la base de $1,90 por día (2011 PPA) (% de la población)","SI.POV.DDAY","","","","","","","","","","","","","","","","","","","","","","","","","","","","","","","","","","","","","","","","","","","","","","","","","","","3.6","","","","","","","","","","","",
"Tanzanía","TZA","Tasa de incidencia de la pobreza, sobre la base de $1,90 por día (2011 PPA) (% de la población)","SI.POV.DDAY","","","","","","","","","","","","","","","","","","","","","","","","","","","","","","","","69.3","","","","","","","","","84","","","","","","","56.2","","","","44.7","","","","","","","44.9","","","",
"Uganda","UGA","Tasa de incidencia de la pobreza, sobre la base de $1,90 por día (2011 PPA) (% de la población)","SI.POV.DDAY","","","","","","","","","","","","","","","","","","","","","","","","","","","","","","59.4","","","65.9","","","","64.9","","","68.7","","","66.7","","","58","","","","46.7","","","37.5","","","","42.7","","","42.2","","",
"Ucrania","UKR","Tasa de incidencia de la pobreza, sobre la base de $1,90 por día (2011 PPA) (% de la población)","SI.POV.DDAY","","","","","","","","","","","","","","","","","","","","","","","","","","","","","","","","","3.9","1.9","","7.1","7.2","","","","","","2.7","1.1","0.9","0.4","0.2","0.1","0","0.1","0","0","0.1","0","0","0.1","0.1","0","0","0","0","",
"Ingreso mediano alto","UMC","Tasa de incidencia de la pobreza, sobre la base de $1,90 por día (2011 PPA) (% de la población)","SI.POV.DDAY","","","","","","","","","","","","","","","","","","","","","","59.2","57.9","56.6","53.2","49.9","46.6","44.2","40.4","47.9","47.1","45.8","43.9","41.8","38.4","36","33.2","32.6","32.1","31.7","28.9","27.3","25","22.6","19.4","15.8","14.5","13.3","12.4","11.2","9.8","7.5","6.4","3","2.5","2","1.9","1.8","1.6","1.5","","",
"Uruguay","URY","Tasa de incidencia de la pobreza, sobre la base de $1,90 por día (2011 PPA) (% de la población)","SI.POV.DDAY","","","","","","","","","","","","","","","","","","","","","","","","","","","","","","","","","","","","","","","","","","","","","","","0.6","0.4","0.2","0.3","0.2","0.1","0.2","0.2","0.2","0.1","0.1","0.1","0.1","0.1","0.2","",
"Estados Unidos","USA","Tasa de incidencia de la pobreza, sobre la base de $1,90 por día (2011 PPA) (% de la población)","SI.POV.DDAY","","","","","","","","","","","","","","","0.7","","","","","0.5","","","","","","","0.5","","","","","0.5","0.5","0.5","0.5","0.5","0.7","0.7","0.7","0.7","0.7","0.7","0.7","1","1","1","1","1","1","1","1","1","1","1","1.2","1.2","1","1.2","1","1","","",
"Uzbekistán","UZB","Tasa de incidencia de la pobreza, sobre la base de $1,90 por día (2011 PPA) (% de la población)","SI.POV.DDAY","","","","","","","","","","","","","","","","","","","","","","","","","","","","","","","","","","","","","","","59.4","","82.3","","81.3","82.2","","","","","","","","","","","","","","","","","","",
"San Vicente y las Granadinas","VCT","Tasa de incidencia de la pobreza, sobre la base de $1,90 por día (2011 PPA) (% de la población)","SI.POV.DDAY","","","","","","","","","","","","","","","","","","","","","","","","","","","","","","","","","","","","","","","","","","","","","","","","","","","","","","","","","","","","","","",
"Venezuela","VEN","Tasa de incidencia de la pobreza, sobre la base de $1,90 por día (2011 PPA) (% de la población)","SI.POV.DDAY","","","","","","","","","","","","","","","","","","","","","","6.7","","","","","","7","","5.3","","","4.5","","","9.9","","","10.4","11.8","","10.3","16.4","19.7","16.6","14.4","7.1","","","","","","","","","","","","","","","",
"Islas Vírgenes Británicas","VGB","Tasa de incidencia de la pobreza, sobre la base de $1,90 por día (2011 PPA) (% de la población)","SI.POV.DDAY","","","","","","","","","","","","","","","","","","","","","","","","","","","","","","","","","","","","","","","","","","","","","","","","","","","","","","","","","","","","","","",
"Islas Vírgenes (EE.UU.)","VIR","Tasa de incidencia de la pobreza, sobre la base de $1,90 por día (2011 PPA) (% de la población)","SI.POV.DDAY","","","","","","","","","","","","","","","","","","","","","","","","","","","","","","","","","","","","","","","","","","","","","","","","","","","","","","","","","","","","","","",
"Viet Nam","VNM","Tasa de incidencia de la pobreza, sobre la base de $1,90 por día (2011 PPA) (% de la población)","SI.POV.DDAY","","","","","","","","","","","","","","","","","","","","","","","","","","","","","","","","","45.1","","","","","24.4","","","","","29.9","","20.1","","14.9","","11.1","","2.9","","1.7","","1.9","","1.3","","1.2","","","",
"Vanuatu","VUT","Tasa de incidencia de la pobreza, sobre la base de $1,90 por día (2011 PPA) (% de la población)","SI.POV.DDAY","","","","","","","","","","","","","","","","","","","","","","","","","","","","","","","","","","","","","","","","","","","","","","","","","","","14.7","","","","","","","","","10","","",
"Mundo","WLD","Tasa de incidencia de la pobreza, sobre la base de $1,90 por día (2011 PPA) (% de la población)","SI.POV.DDAY","","","","","","","","","","","","","","","","","","","","","","43.6","43.2","42.5","41","39.6","38.3","37.4","35.7","38.3","37.8","37.4","36.5","35.6","34.3","32.8","31.3","31.1","31.3","30.3","29.1","28.3","26.9","25.5","23.6","21.7","20.9","19.6","18.8","17.9","16.3","14.2","13.3","11.7","11.2","10.8","10.5","9.6","8.9","8.4","","",
"Samoa","WSM","Tasa de incidencia de la pobreza, sobre la base de $1,90 por día (2011 PPA) (% de la población)","SI.POV.DDAY","","","","","","","","","","","","","","","","","","","","","","","","","","","","","","","","","","","","","","","","","","","2.2","","","","","","1.1","","","","","1.2","","","","","","","","",
"Kosovo","XKX","Tasa de incidencia de la pobreza, sobre la base de $1,90 por día (2011 PPA) (% de la población)","SI.POV.DDAY","","","","","","","","","","","","","","","","","","","","","","","","","","","","","","","","","","","","","","","","","","","","2.4","","4.2","4.1","","","3.4","2.9","1.9","0.8","0.4","1.1","0.8","0.8","0.4","","","","",
"Yemen, Rep. del","YEM","Tasa de incidencia de la pobreza, sobre la base de $1,90 por día (2011 PPA) (% de la población)","SI.POV.DDAY","","","","","","","","","","","","","","","","","","","","","","","","","","","","","","","","","","","","","","","8.1","","","","","","","10.5","","","","","","","","","19.8","","","","","","","",
"Sudáfrica","ZAF","Tasa de incidencia de la pobreza, sobre la base de $1,90 por día (2011 PPA) (% de la población)","SI.POV.DDAY","","","","","","","","","","","","","","","","","","","","","","","","","","","","","","","","","","33.5","","","","","","","36.8","","","","","28.3","","","18.7","","18.1","","","","20.5","","","","","","","",
"Zambia","ZMB","Tasa de incidencia de la pobreza, sobre la base de $1,90 por día (2011 PPA) (% de la población)","SI.POV.DDAY","","","","","","","","","","","","","","","","","","","","","","","","","","","","","","","","57.4","","59.1","","","46.8","","47.2","","","","56.4","","61.1","","64.7","","","","68.5","","","","","61.4","","","","","","",
"Zimbabwe","ZWE","Tasa de incidencia de la pobreza, sobre la base de $1,90 por día (2011 PPA) (% de la población)","SI.POV.DDAY","","","","","","","","","","","","","","","","","","","","","","","","","","","","","","","","","","","","","","","","","","","","","","","","","","","","21.6","","","","","","34.2","","39.8","","",
